{
  "burden_summary": {
    "broad_ptv_gnomad1e3_ac1": {
      "carrier_fraction": 1.0,
      "max_genes": 31.0,
      "max_shet_burden": 0.8272082358155808,
      "max_variants": 32.0,
      "mean_genes": 14.163809523809524,
      "mean_shet_burden": 0.3352833722909772,
      "mean_sum_shet": 0.4089120761904762,
      "mean_variants": 14.647619047619047,
      "median_genes": 15.0,
      "median_shet_burden": 0.3310412609707819,
      "median_variants": 15.0,
      "n_carriers": 525,
      "n_samples": 525,
      "p95_genes": 23.0,
      "p95_shet_burden": 0.6267163876933567,
      "p95_variants": 23.799999999999955
    },
    "broad_ptv_gnomad1e4_ac1": {
      "carrier_fraction": 0.9904761904761905,
      "max_genes": 24.0,
      "max_shet_burden": 0.7902958063428265,
      "max_variants": 24.0,
      "mean_genes": 10.215238095238096,
      "mean_shet_burden": 0.2630005791539316,
      "mean_sum_shet": 0.30644970857142884,
      "mean_variants": 10.571428571428571,
      "median_genes": 10.0,
      "median_shet_burden": 0.2533440630169821,
      "median_variants": 11.0,
      "n_carriers": 520,
      "n_samples": 525,
      "p95_genes": 18.0,
      "p95_shet_burden": 0.5539221183594805,
      "p95_variants": 19.0
    },
    "broad_ptv_gnomad1e5_ac1": {
      "carrier_fraction": 0.8990476190476191,
      "max_genes": 18.0,
      "max_shet_burden": 0.6264420451043899,
      "max_variants": 18.0,
      "mean_genes": 5.805714285714286,
      "mean_shet_burden": 0.1606824772439954,
      "mean_sum_shet": 0.17800744952380948,
      "mean_variants": 6.038095238095238,
      "median_genes": 6.0,
      "median_shet_burden": 0.11537682817773864,
      "median_variants": 6.0,
      "n_carriers": 472,
      "n_samples": 525,
      "p95_genes": 12.0,
      "p95_shet_burden": 0.4646245147616279,
      "p95_variants": 12.0
    },
    "chen_broad_ptv_gnomad1e5_ac1_pli90": {
      "carrier_fraction": 0.5219047619047619,
      "max_genes": 4.0,
      "max_shet_burden": 0.6063420928268386,
      "max_variants": 5.0,
      "mean_genes": 0.7123809523809523,
      "mean_shet_burden": 0.09071369489153244,
      "mean_sum_shet": 0.09447308380952389,
      "mean_variants": 0.7390476190476191,
      "median_genes": 1.0,
      "median_shet_burden": 0.0,
      "median_variants": 1.0,
      "n_carriers": 274,
      "n_samples": 525,
      "p95_genes": 2.0,
      "p95_shet_burden": 0.3527345090215999,
      "p95_variants": 2.0
    },
    "gardner_core_ptv_gnomad1e3_ac1": {
      "carrier_fraction": 0.9866666666666667,
      "max_genes": 13.0,
      "max_shet_burden": 0.6359908884452161,
      "max_variants": 19.0,
      "mean_genes": 5.198095238095238,
      "mean_shet_burden": 0.12300088578687927,
      "mean_sum_shet": 0.13166432190476204,
      "mean_variants": 5.297142857142857,
      "median_genes": 5.0,
      "median_shet_burden": 0.07615148044066722,
      "median_variants": 5.0,
      "n_carriers": 518,
      "n_samples": 525,
      "p95_genes": 10.0,
      "p95_shet_burden": 0.39432689000208676,
      "p95_variants": 10.0
    },
    "gardner_core_ptv_gnomad1e4_ac1": {
      "carrier_fraction": 0.9638095238095238,
      "max_genes": 12.0,
      "max_shet_burden": 0.6345656946543681,
      "max_variants": 18.0,
      "mean_genes": 4.057142857142857,
      "mean_shet_burden": 0.1094525729981049,
      "mean_sum_shet": 0.11593173523809533,
      "mean_variants": 4.144761904761904,
      "median_genes": 4.0,
      "median_shet_burden": 0.06312101367099998,
      "median_variants": 4.0,
      "n_carriers": 506,
      "n_samples": 525,
      "p95_genes": 8.0,
      "p95_shet_burden": 0.369159689153134,
      "p95_variants": 8.0
    },
    "gardner_core_ptv_gnomad1e5_ac1": {
      "carrier_fraction": 0.8114285714285714,
      "max_genes": 10.0,
      "max_shet_burden": 0.6245143015284369,
      "max_variants": 16.0,
      "mean_genes": 2.6019047619047617,
      "mean_shet_burden": 0.08107498479584536,
      "mean_sum_shet": 0.08562074857142858,
      "mean_variants": 2.657142857142857,
      "median_genes": 2.0,
      "median_shet_burden": 0.03165847555744905,
      "median_variants": 2.0,
      "n_carriers": 426,
      "n_samples": 525,
      "p95_genes": 6.0,
      "p95_shet_burden": 0.3449538427392879,
      "p95_variants": 6.0
    },
    "gardner_private_proxy_ptv_gnomad_absent_ac1": {
      "carrier_fraction": 0.011428571428571429,
      "max_genes": 1.0,
      "max_shet_burden": 0.19618599999999997,
      "max_variants": 1.0,
      "mean_genes": 0.011428571428571429,
      "mean_shet_burden": 0.0005518666666666666,
      "mean_sum_shet": 0.0005518666666666667,
      "mean_variants": 0.011428571428571429,
      "median_genes": 0.0,
      "median_shet_burden": 0.0,
      "median_variants": 0.0,
      "n_carriers": 6,
      "n_samples": 525,
      "p95_genes": 0.0,
      "p95_shet_burden": 0.0,
      "p95_variants": 0.0
    },
    "hc_ptv_gnomad1e5_ac1_pli90": {
      "carrier_fraction": 0.42857142857142855,
      "max_genes": 3.0,
      "max_shet_burden": 0.6063420928268386,
      "max_variants": 5.0,
      "mean_genes": 0.5523809523809524,
      "mean_shet_burden": 0.07466456938570902,
      "mean_sum_shet": 0.07743049142857146,
      "mean_variants": 0.579047619047619,
      "median_genes": 0.0,
      "median_shet_burden": 0.0,
      "median_variants": 0.0,
      "n_carriers": 225,
      "n_samples": 525,
      "p95_genes": 2.0,
      "p95_shet_burden": 0.3511627364741701,
      "p95_variants": 2.0
    },
    "loftee_hc_ptv_gnomad1e3_ac1": {
      "carrier_fraction": 0.9980952380952381,
      "max_genes": 21.0,
      "max_shet_burden": 0.6944611653263484,
      "max_variants": 21.0,
      "mean_genes": 7.708571428571428,
      "mean_shet_burden": 0.18783784664160427,
      "mean_sum_shet": 0.20942414095238085,
      "mean_variants": 8.024761904761904,
      "median_genes": 8.0,
      "median_shet_burden": 0.1437959549307921,
      "median_variants": 8.0,
      "n_carriers": 524,
      "n_samples": 525,
      "p95_genes": 14.0,
      "p95_shet_burden": 0.4923005316720127,
      "p95_variants": 14.0
    },
    "modern_pli90_ptv_gnomad1e3_ac1": {
      "carrier_fraction": 0.3923809523809524,
      "max_genes": 3.0,
      "max_shet_burden": 0.6063420928268386,
      "max_variants": 4.0,
      "mean_genes": 0.4838095238095238,
      "mean_shet_burden": 0.06717807996768423,
      "mean_sum_shet": 0.06938118476190473,
      "mean_variants": 0.49523809523809526,
      "median_genes": 0.0,
      "median_shet_burden": 0.0,
      "median_variants": 0.0,
      "n_carriers": 206,
      "n_samples": 525,
      "p95_genes": 2.0,
      "p95_shet_burden": 0.3345595999999996,
      "p95_variants": 2.0
    },
    "rare_pli30_ptv_gnomad1e3_ac1": {
      "carrier_fraction": 0.8628571428571429,
      "max_genes": 8.0,
      "max_shet_burden": 0.7330817227564759,
      "max_variants": 8.0,
      "mean_genes": 2.12,
      "mean_shet_burden": 0.22353698009924872,
      "mean_sum_shet": 0.2492724495238094,
      "mean_variants": 2.201904761904762,
      "median_genes": 2.0,
      "median_shet_burden": 0.20136599999999993,
      "median_variants": 2.0,
      "n_carriers": 453,
      "n_samples": 525,
      "p95_genes": 5.0,
      "p95_shet_burden": 0.538915850493,
      "p95_variants": 5.0
    }
  },
  "n_samples": 525,
  "variant_summary": {
    "broad_ptv_gnomad1e3_ac1": {
      "carrier_samples": 525,
      "qualifying_rows": 7709,
      "unique_genes": 5442,
      "unique_genes_with_cns_percentile": 5400,
      "unique_genes_with_shet": 4344,
      "unique_variants": 7690
    },
    "broad_ptv_gnomad1e4_ac1": {
      "carrier_samples": 520,
      "qualifying_rows": 5565,
      "unique_genes": 4255,
      "unique_genes_with_cns_percentile": 4224,
      "unique_genes_with_shet": 3412,
      "unique_variants": 5550
    },
    "broad_ptv_gnomad1e5_ac1": {
      "carrier_samples": 472,
      "qualifying_rows": 3173,
      "unique_genes": 2625,
      "unique_genes_with_cns_percentile": 2610,