{
  "burden_summary": {
    "broad_ptv_gnomad1e3_ac1": {
      "carrier_fraction": 1.0,
      "max_genes": 23.0,
      "max_shet_burden": 0.7542511211351242,
      "max_variants": 24.0,
      "mean_genes": 10.222857142857142,
      "mean_shet_burden": 0.25043119909940476,
      "mean_sum_shet": 0.28832076190476175,
      "mean_variants": 10.379047619047618,
      "median_genes": 10.0,
      "median_shet_burden": 0.23335523674199998,
      "median_variants": 10.0,
      "n_carriers": 525,
      "n_samples": 525,
      "p95_genes": 17.0,
      "p95_shet_burden": 0.518671135219035,
      "p95_variants": 18.0
    },
    "broad_ptv_gnomad1e4_ac1": {
      "carrier_fraction": 0.9866666666666667,
      "max_genes": 19.0,
      "max_shet_burden": 0.7258632141168755,
      "max_variants": 19.0,
      "mean_genes": 7.266666666666667,
      "mean_shet_burden": 0.19263760333944477,
      "mean_sum_shet": 0.21407284571428553,
      "mean_variants": 7.375238095238095,
      "median_genes": 7.0,
      "median_shet_burden": 0.1625539535413718,
      "median_variants": 7.0,
      "n_carriers": 518,
      "n_samples": 525,
      "p95_genes": 13.0,
      "p95_shet_burden": 0.46266770006301716,
      "p95_variants": 14.0
    },
    "broad_ptv_gnomad1e5_ac1": {
      "carrier_fraction": 0.8285714285714286,
      "max_genes": 14.0,
      "max_shet_burden": 0.5784570583778634,
      "max_variants": 14.0,
      "mean_genes": 3.954285714285714,
      "mean_shet_burden": 0.11107406197009181,
      "mean_sum_shet": 0.11911742666666669,
      "mean_variants": 4.034285714285715,
      "median_genes": 4.0,
      "median_shet_burden": 0.06374183995290283,
      "median_variants": 4.0,
      "n_carriers": 435,
      "n_samples": 525,
      "p95_genes": 9.0,
      "p95_shet_burden": 0.3582116381494306,
      "p95_variants": 9.0
    },
    "chen_broad_ptv_gnomad1e5_ac1_pli90": {
      "carrier_fraction": 0.38095238095238093,
      "max_genes": 4.0,
      "max_shet_burden": 0.5399330560466851,
      "max_variants": 4.0,
      "mean_genes": 0.48,
      "mean_shet_burden": 0.0610014117780674,
      "mean_sum_shet": 0.06279682666666665,
      "mean_variants": 0.4990476190476191,
      "median_genes": 0.0,
      "median_shet_burden": 0.0,
      "median_variants": 0.0,
      "n_carriers": 200,
      "n_samples": 525,
      "p95_genes": 2.0,
      "p95_shet_burden": 0.3201094,
      "p95_variants": 2.0
    },
    "gardner_core_ptv_gnomad1e3_ac1": {
      "carrier_fraction": 0.9561904761904761,
      "max_genes": 13.0,
      "max_shet_burden": 0.5203791947355656,
      "max_variants": 13.0,
      "mean_genes": 3.7257142857142855,
      "mean_shet_burden": 0.08102413836822606,
      "mean_sum_shet": 0.08439527428571426,
      "mean_variants": 3.7542857142857144,
      "median_genes": 3.0,
      "median_shet_burden": 0.03559445215399992,
      "median_variants": 3.0,
      "n_carriers": 502,
      "n_samples": 525,
      "p95_genes": 7.0,
      "p95_shet_burden": 0.31491226162540864,
      "p95_variants": 7.7999999999999545
    },
    "gardner_core_ptv_gnomad1e4_ac1": {
      "carrier_fraction": 0.9180952380952381,
      "max_genes": 12.0,
      "max_shet_burden": 0.5185013500005677,
      "max_variants": 12.0,
      "mean_genes": 2.895238095238095,
      "mean_shet_burden": 0.07586639018313772,
      "mean_sum_shet": 0.07874897523809528,
      "mean_variants": 2.92,
      "median_genes": 3.0,
      "median_shet_burden": 0.029896465565659613,
      "median_variants": 3.0,
      "n_carriers": 482,
      "n_samples": 525,
      "p95_genes": 6.0,
      "p95_shet_burden": 0.30737324139118005,
      "p95_variants": 6.0
    },
    "gardner_core_ptv_gnomad1e5_ac1": {
      "carrier_fraction": 0.7333333333333333,
      "max_genes": 8.0,
      "max_shet_burden": 0.5052575681498956,
      "max_variants": 8.0,
      "mean_genes": 1.7961904761904761,
      "mean_shet_burden": 0.05628129292481511,
      "mean_sum_shet": 0.05826022666666665,
      "mean_variants": 1.8133333333333332,
      "median_genes": 2.0,
      "median_shet_burden": 0.014186187851999987,
      "median_variants": 2.0,
      "n_carriers": 385,
      "n_samples": 525,
      "p95_genes": 5.0,
      "p95_shet_burden": 0.27937692494108135,
      "p95_variants": 5.0
    },
    "gardner_core_ptv_gnomad2e6_ac1": {
      "carrier_fraction": 0.6133333333333333,
      "max_genes": 8.0,
      "max_shet_burden": 0.5052575681498956,
      "max_variants": 8.0,
      "mean_genes": 1.1942857142857144,
      "mean_shet_burden": 0.045784953603386115,
      "mean_sum_shet": 0.047194799999999974,
      "mean_variants": 1.2076190476190476,
      "median_genes": 1.0,
      "median_shet_burden": 0.005079999999999973,
      "median_variants": 1.0,
      "n_carriers": 322,
      "n_samples": 525,
      "p95_genes": 4.0,
      "p95_shet_burden": 0.2610358165092153,
      "p95_variants": 4.0
    },
    "gardner_private_proxy_ptv_gnomad_absent_ac1": {
      "carrier_fraction": 0.009523809523809525,
      "max_genes": 1.0,
      "max_shet_burden": 0.19618599999999997,
      "max_variants": 1.0,
      "mean_genes": 0.009523809523809525,
      "mean_shet_burden": 0.0005518666666666666,
      "mean_sum_shet": 0.0005518666666666667,
      "mean_variants": 0.009523809523809525,
      "median_genes": 0.0,
      "median_shet_burden": 0.0,
      "median_variants": 0.0,
      "n_carriers": 5,
      "n_samples": 525,
      "p95_genes": 0.0,
      "p95_shet_burden": 0.0,
      "p95_variants": 0.0
    },
    "hc_ptv_gnomad1e5_ac1_pli90": {
      "carrier_fraction": 0.29714285714285715,
      "max_genes": 3.0,
      "max_shet_burden": 0.4915163047700001,
      "max_variants": 4.0,
      "mean_genes": 0.3619047619047619,
      "mean_shet_burden": 0.04911936094458877,
      "mean_sum_shet": 0.050400590476190464,
      "mean_variants": 0.38095238095238093,
      "median_genes": 0.0,
      "median_shet_burden": 0.0,
      "median_variants": 0.0,
      "n_carriers": 156,
      "n_samples": 525,
      "p95_genes": 2.0,
      "p95_shet_burden": 0.2944556,
      "p95_variants": 2.0
    },
    "loftee_hc_ptv_gnomad1e3_ac1": {
      "carrier_fraction": 0.9904761904761905,
      "max_genes": 19.0,
      "max_shet_burden": 0.5640873599040004,
      "max_variants": 19.0,
      "mean_genes": 5.226666666666667,
      "mean_shet_burden": 0.12269655968288573,
      "mean_sum_shet": 0.13097628190476204,
      "mean_variants": 5.337142857142857,
      "median_genes": 5.0,
      "median_shet_burden": 0.07208507856702062,
      "median_variants": 5.0,
      "n_carriers": 520,
      "n_samples": 525,
      "p95_genes": 9.0,
      "p95_shet_burden": 0.3827187212290099,
      "p95_variants": 10.0
    },
    "modern_pli90_ptv_gnomad1e3_ac1": {
      "carrier_fraction": 0.2819047619047619,
      "max_genes": 3.0,
      "max_shet_burden": 0.4915163047700001,
      "max_variants": 3.0,
      "mean_genes": 0.3219047619047619,
      "mean_shet_burden": 0.04460871400557168,
      "mean_sum_shet": 0.04534173142857141,
      "mean_variants": 0.3314285714285714,
      "median_genes": 0.0,
      "median_shet_burden": 0.0,
      "median_variants": 0.0,
      "n_carriers": 148,
      "n_samples": 525,
      "p95_genes": 1.0,
      "p95_shet_burden": 0.26905286195519995,
      "p95_variants": 1.0
    },
    "rare_pli30_ptv_gnomad1e3_ac1": {
      "carrier_fraction": 0.7695238095238095,
      "max_genes": 6.0,
      "max_shet_burden": 0.7330817227564759,
      "max_variants": 6.0,
      "mean_genes": 1.5238095238095237,
      "mean_shet_burden": 0.16258229036917657,
      "mean_sum_shet": 0.17612187619047615,
      "mean_variants": 1.561904761904762,
      "median_genes": 1.0,
      "median_shet_burden": 0.13271449107587774,
      "median_variants": 1.0,
      "n_carriers": 404,
      "n_samples": 525,
      "p95_genes": 4.0,
      "p95_shet_burden": 0.45771371290986324,
      "p95_variants": 4.0
    }
  },
  "n_samples": 525,
  "variant_summary": {
    "broad_ptv_gnomad1e3_ac1": {
      "carrier_samples": 525,